Model,Method,Scaler,True Paid,False Default,False Paid,True Default,Accuracy,AUC Score,MCC,F1 Score
Logistic Regression,Grid Search,Standard,109094,112757,5275,41728,0.5609810529134772,0.8210549627477958,0.2915600807633472,0.41419836417057104
Logistic Regression,Grid Search,Robust,198938,22913,26904,20099,0.8147061230258802,0.8234079385345833,0.33603413455619535,0.4465700161084264
Logistic Regression,Bayesian Optimization,Standard,109094,112757,5275,41728,0.5609810529134772,0.8210549593913389,0.2915600807633472,0.41419836417057104
Logistic Regression,Bayesian Optimization,Robust,199094,22757,26965,20038,0.8150594746591087,0.8210550200952595,0.3361059515021983,0.4462905632642153
